name,price,quality,sales
"
            Лосины спортивные 3328597774-40","
              1999 ₽
            ","
                      Состав: 94% полиамид, 6% эластан
                    
                      Страна-производитель: КИТАЙ
                    
                      Уход: Не отбеливать, Машинная сушка запрещена, Не гладить, Сухая чистка запрещена, Ручная стирка при максимальной температуре 40ºС
                    
                      Арт.: 3328597774
                    
                      Параметры: Тип карманов: без карманов; Тип посадки: высокая
                    ",0
"
            Лосины спортивные 3328597774-40","
              1999 ₽
            ","
                      Состав: 94% полиамид, 6% эластан
                    
                      Страна-производитель: КИТАЙ
                    
                      Уход: Не отбеливать, Машинная сушка запрещена, Не гладить, Сухая чистка запрещена, Ручная стирка при максимальной температуре 40ºС
                    
                      Арт.: 3328597774
                    
                      Параметры: Тип карманов: без карманов; Тип посадки: высокая
                    ",0
"
            Спортивный топ 3328591472-50","
              1599 ₽
            ","
                      Состав: 82% полиэстер, 18% эластан, 82% полиэстер, 18% эластан
                    
                      Страна-производитель: КИТАЙ
                    
                      Уход: Ручная стирка при максимальной температуре 40ºС, Не отбеливать, Машинная сушка запрещена, Не гладить, Сухая чистка запрещена
                    
                      Арт.: 3328591472
                    
                      Параметры: Чашка: вставные чашечки; Наличие принта: без принта; Наличие подкладки: Да; Вырез горловины: V образный
                    ",0
"
            Спортивный топ 3328591472-50","
              1599 ₽
            ","
                      Состав: 82% полиэстер, 18% эластан, 82% полиэстер, 18% эластан
                    
                      Страна-производитель: КИТАЙ
                    
                      Уход: Ручная стирка при максимальной температуре 40ºС, Не отбеливать, Машинная сушка запрещена, Не гладить, Сухая чистка запрещена
                    
                      Арт.: 3328591472
                    
                      Параметры: Чашка: вставные чашечки; Наличие принта: без принта; Наличие подкладки: Да; Вырез горловины: V образный
                    ",0
"
            Спортивные брюки 3328598780-37","
              2599 ₽
            ","
                      Состав: 48% вискоза, 47% полиэстер, 5% эластан
                    
                      Страна-производитель: КИТАЙ
                    
                      Уход: Бережная стирка при максимальной температуре 30ºС, Не отбеливать, Машинная сушка запрещена, Глажение при 110ºС, Профессиональная сухая чистка. Мягкий режим.
                    
                      Арт.: 3328598780
                    
                      Параметры: Тип посадки: высокая; Модель брюк: прямые; Застежка: без застежки; Тип карманов: в шве
                    ",0
"
            Спортивные брюки 3328598780-37","
              2599 ₽
            ","
                      Состав: 48% вискоза, 47% полиэстер, 5% эластан
                    
                      Страна-производитель: КИТАЙ
                    
                      Уход: Бережная стирка при максимальной температуре 30ºС, Не отбеливать, Машинная сушка запрещена, Глажение при 110ºС, Профессиональная сухая чистка. Мягкий режим.
                    
                      Арт.: 3328598780
                    
                      Параметры: Тип посадки: высокая; Модель брюк: прямые; Застежка: без застежки; Тип карманов: в шве
                    ",0
"
            Велосипедки спортивные 3328590771-50","
              1799 ₽
            ","
                      Состав: 94% полиамид, 6% эластан
                    
                      Страна-производитель: КИТАЙ
                    
                      Уход: Бережная стирка при максимальной температуре 30ºС, Не отбеливать, Машинная сушка запрещена, Не гладить, Сухая чистка запрещена
                    
                      Арт.: 3328590771
                    
                      Параметры: Тип карманов: без карманов; Основной материал: вязаное; Тип посадки: высокая
                    ",0
"
            Велосипедки спортивные 3328590771-50","
              1799 ₽
            ","
                      Состав: 94% полиамид, 6% эластан
                    
                      Страна-производитель: КИТАЙ
                    
                      Уход: Бережная стирка при максимальной температуре 30ºС, Не отбеливать, Машинная сушка запрещена, Не гладить, Сухая чистка запрещена
                    
                      Арт.: 3328590771
                    
                      Параметры: Тип карманов: без карманов; Основной материал: вязаное; Тип посадки: высокая
                    ",0
"
            Спортивный топ 3328591473-2","
              1599 ₽
            ","
                      Состав: 82% полиэстер, 18% эластан, 82% полиэстер, 18% эластан
                    
                      Страна-производитель: КИТАЙ
                    
                      Уход: Не отбеливать, Машинная сушка запрещена, Не гладить, Сухая чистка запрещена, Бережная стирка при максимальной температуре 30ºС
                    
                      Арт.: 3328591473
                    
                      Параметры: Вырез горловины: округлый; Чашка: без чашек; Наличие принта: без принта; Наличие подкладки: Да
                    ",0
"
            Спортивный топ 3328591473-2","
              1599 ₽
            ","
                      Состав: 82% полиэстер, 18% эластан, 82% полиэстер, 18% эластан
                    
                      Страна-производитель: КИТАЙ
                    
                      Уход: Не отбеливать, Машинная сушка запрещена, Не гладить, Сухая чистка запрещена, Бережная стирка при максимальной температуре 30ºС
                    
                      Арт.: 3328591473
                    
                      Параметры: Вырез горловины: округлый; Чашка: без чашек; Наличие принта: без принта; Наличие подкладки: Да
                    ",0
"
            Спортивный топ 3328590470-40","
              1199 ₽
            ","
                      Состав: 94% полиамид, 6% эластан
                    
                      Страна-производитель: КИТАЙ
                    
                      Уход: Бережная стирка при максимальной температуре 30ºС, Не отбеливать, Машинная сушка запрещена, Не гладить, Сухая чистка запрещена
                    
                      Арт.: 3328590470
                    
                      Параметры: Вырез горловины: округлый; Чашка: вставные чашечки; Наличие принта: без принта; Наличие подкладки: Да
                    ",0
"
            Спортивный топ 3328590470-40","
              1199 ₽
            ","
                      Состав: 94% полиамид, 6% эластан
                    
                      Страна-производитель: КИТАЙ
                    
                      Уход: Бережная стирка при максимальной температуре 30ºС, Не отбеливать, Машинная сушка запрещена, Не гладить, Сухая чистка запрещена
                    
                      Арт.: 3328590470
                    
                      Параметры: Вырез горловины: округлый; Чашка: вставные чашечки; Наличие принта: без принта; Наличие подкладки: Да
                    ",0
"
            Велосипедки спортивные 3328590771-40","
              1799 ₽
            ","
                      Состав: 94% полиамид, 6% эластан
                    
                      Страна-производитель: КИТАЙ
                    
                      Уход: Бережная стирка при максимальной температуре 30ºС, Не отбеливать, Машинная сушка запрещена, Не гладить, Сухая чистка запрещена
                    
                      Арт.: 3328590771
                    
                      Параметры: Тип карманов: без карманов; Основной материал: вязаное; Тип посадки: высокая
                    ",0
"
            Велосипедки спортивные 3328590771-40","
              1799 ₽
            ","
                      Состав: 94% полиамид, 6% эластан
                    
                      Страна-производитель: КИТАЙ
                    
                      Уход: Бережная стирка при максимальной температуре 30ºС, Не отбеливать, Машинная сушка запрещена, Не гладить, Сухая чистка запрещена
                    
                      Арт.: 3328590771
                    
                      Параметры: Тип карманов: без карманов; Основной материал: вязаное; Тип посадки: высокая
                    ",0
"
            Лосины спортивные 3328591772-37","
              2399 ₽
            ","
                      Состав: 82% полиэстер, 18% эластан
                    
                      Страна-производитель: КИТАЙ
                    
                      Уход: Ручная стирка при максимальной температуре 40ºС, Не отбеливать, Машинная сушка запрещена, Не гладить, Сухая чистка запрещена
                    
                      Арт.: 3328591772
                    
                      Параметры: Тип карманов: без карманов; Тип посадки: высокая
                    ",0
"
            Лосины спортивные 3328591772-37","
              2399 ₽
            ","
                      Состав: 82% полиэстер, 18% эластан
                    
                      Страна-производитель: КИТАЙ
                    
                      Уход: Ручная стирка при максимальной температуре 40ºС, Не отбеливать, Машинная сушка запрещена, Не гладить, Сухая чистка запрещена
                    
                      Арт.: 3328591772
                    
                      Параметры: Тип карманов: без карманов; Тип посадки: высокая
                    ",0
"
            Спортивный топ 3328591473-50","
              1599 ₽
            ","
                      Состав: 82% полиэстер, 18% эластан, 82% полиэстер, 18% эластан
                    
                      Страна-производитель: КИТАЙ
                    
                      Уход: Не отбеливать, Машинная сушка запрещена, Не гладить, Сухая чистка запрещена, Бережная стирка при максимальной температуре 30ºС
                    
                      Арт.: 3328591473
                    
                      Параметры: Вырез горловины: округлый; Чашка: без чашек; Наличие принта: без принта; Наличие подкладки: Да
                    ",0
"
            Спортивный топ 3328591473-50","
              1599 ₽
            ","
                      Состав: 82% полиэстер, 18% эластан, 82% полиэстер, 18% эластан
                    
                      Страна-производитель: КИТАЙ
                    
                      Уход: Не отбеливать, Машинная сушка запрещена, Не гладить, Сухая чистка запрещена, Бережная стирка при максимальной температуре 30ºС
                    
                      Арт.: 3328591473
                    
                      Параметры: Вырез горловины: округлый; Чашка: без чашек; Наличие принта: без принта; Наличие подкладки: Да
                    ",0
"
            Лосины спортивные 3328597774-50","
              1999 ₽
            ","
                      Состав: 94% полиамид, 6% эластан
                    
                      Страна-производитель: КИТАЙ
                    
                      Уход: Не отбеливать, Машинная сушка запрещена, Не гладить, Сухая чистка запрещена, Ручная стирка при максимальной температуре 40ºС
                    
                      Арт.: 3328597774
                    
                      Параметры: Тип карманов: без карманов; Тип посадки: высокая
                    ",0
"
            Лосины спортивные 3328597774-50","
              1999 ₽
            ","
                      Состав: 94% полиамид, 6% эластан
                    
                      Страна-производитель: КИТАЙ
                    
                      Уход: Не отбеливать, Машинная сушка запрещена, Не гладить, Сухая чистка запрещена, Ручная стирка при максимальной температуре 40ºС
                    
                      Арт.: 3328597774
                    
                      Параметры: Тип карманов: без карманов; Тип посадки: высокая
                    ",0
"
            Спортивная куртка 3328598484-50","
              2999 ₽
            ","
                      Состав: 48% вискоза, 47% полиэстер, 5% эластан
                    
                      Страна-производитель: КИТАЙ
                    
                      Уход: Бережная стирка при максимальной температуре 30ºС, Не отбеливать, Машинная сушка запрещена, Глажение при 110ºС, Сухая чистка запрещена
                    
                      Арт.: 3328598484
                    ",0
"
            Спортивная куртка 3328598484-50","
              2999 ₽
            ","
                      Состав: 48% вискоза, 47% полиэстер, 5% эластан
                    
                      Страна-производитель: КИТАЙ
                    
                      Уход: Бережная стирка при максимальной температуре 30ºС, Не отбеливать, Машинная сушка запрещена, Глажение при 110ºС, Сухая чистка запрещена
                    
                      Арт.: 3328598484
                    ",0
"
            Спортивные брюки 3328598780-50","
              2599 ₽
            ","
                      Состав: 48% вискоза, 47% полиэстер, 5% эластан
                    
                      Страна-производитель: КИТАЙ
                    
                      Уход: Бережная стирка при максимальной температуре 30ºС, Не отбеливать, Машинная сушка запрещена, Глажение при 110ºС, Профессиональная сухая чистка. Мягкий режим.
                    
                      Арт.: 3328598780
                    
                      Параметры: Тип посадки: высокая; Модель брюк: прямые; Застежка: без застежки; Тип карманов: в шве
                    ",0
"
            Спортивные брюки 3328598780-50","
              2599 ₽
            ","
                      Состав: 48% вискоза, 47% полиэстер, 5% эластан
                    
                      Страна-производитель: КИТАЙ
                    
                      Уход: Бережная стирка при максимальной температуре 30ºС, Не отбеливать, Машинная сушка запрещена, Глажение при 110ºС, Профессиональная сухая чистка. Мягкий режим.
                    
                      Арт.: 3328598780
                    
                      Параметры: Тип посадки: высокая; Модель брюк: прямые; Застежка: без застежки; Тип карманов: в шве
                    ",0
"
            Спортивный топ 3328590471-50","
              1599 ₽
            ","
                      Состав: 94% полиамид, 6% эластан
                    
                      Страна-производитель: КИТАЙ
                    
                      Уход: Бережная стирка при максимальной температуре 30ºС, Не отбеливать, Машинная сушка запрещена, Не гладить, Сухая чистка запрещена
                    
                      Арт.: 3328590471
                    
                      Параметры: Чашка: вставные чашечки; Вырез горловины: фигурный; Наличие принта: без принта; Наличие подкладки: Да
                    ",0
"
            Спортивный топ 3328590471-50","
              1599 ₽
            ","
                      Состав: 94% полиамид, 6% эластан
                    
                      Страна-производитель: КИТАЙ
                    
                      Уход: Бережная стирка при максимальной температуре 30ºС, Не отбеливать, Машинная сушка запрещена, Не гладить, Сухая чистка запрещена
                    
                      Арт.: 3328590471
                    
                      Параметры: Чашка: вставные чашечки; Вырез горловины: фигурный; Наличие принта: без принта; Наличие подкладки: Да
                    ",0
"
            Спортивная куртка 3328598484-37","
              2999 ₽
            ","
                      Состав: 48% вискоза, 47% полиэстер, 5% эластан
                    
                      Страна-производитель: КИТАЙ
                    
                      Уход: Бережная стирка при максимальной температуре 30ºС, Не отбеливать, Машинная сушка запрещена, Глажение при 110ºС, Сухая чистка запрещена
                    
                      Арт.: 3328598484
                    ",0
"
            Спортивная куртка 3328598484-37","
              2999 ₽
            ","
                      Состав: 48% вискоза, 47% полиэстер, 5% эластан
                    
                      Страна-производитель: КИТАЙ
                    
                      Уход: Бережная стирка при максимальной температуре 30ºС, Не отбеливать, Машинная сушка запрещена, Глажение при 110ºС, Сухая чистка запрещена
                    
                      Арт.: 3328598484
                    ",0
"
            Лосины спортивные 3328599778-50","
              2399 ₽
            ","
                      Состав: 84% полиэстер, 16% эластан
                    
                      Страна-производитель: КИТАЙ
                    
                      Уход: Бережная стирка при максимальной температуре 30ºС, Не отбеливать, Машинная сушка запрещена, Не гладить, Сухая чистка запрещена
                    
                      Арт.: 3328599778
                    
                      Параметры: Тип карманов: без карманов; Тип посадки: высокая
                    ",0
"
            Лосины спортивные 3328599778-50","
              2399 ₽
            ","
                      Состав: 84% полиэстер, 16% эластан
                    
                      Страна-производитель: КИТАЙ
                    
                      Уход: Бережная стирка при максимальной температуре 30ºС, Не отбеливать, Машинная сушка запрещена, Не гладить, Сухая чистка запрещена
                    
                      Арт.: 3328599778
                    
                      Параметры: Тип карманов: без карманов; Тип посадки: высокая
                    ",0
"
            Спортивный топ 3225543456-50","
              999 ₽
            ","
                      Состав: 82% полиэстер, 18% эластан
                    
                      Страна-производитель: КИТАЙ
                    
                      Уход: Бережная стирка при максимальной температуре 30ºС, Не отбеливать, Машинная сушка запрещена, Не гладить, Профессиональная сухая чистка. Мягкий режим.
                    
                      Арт.: 3225543456
                    
                      Параметры: Вырез горловины: округлый; воротник стойка; Тип рукава: без рукавов; Наличие принта: с принтом; Наличие подкладки: Нет; Чашка: без чашек
                    ",0
"
            Спортивный топ 3225543456-50","
              999 ₽
            ","
                      Состав: 82% полиэстер, 18% эластан
                    
                      Страна-производитель: КИТАЙ
                    
                      Уход: Бережная стирка при максимальной температуре 30ºС, Не отбеливать, Машинная сушка запрещена, Не гладить, Профессиональная сухая чистка. Мягкий режим.
                    
                      Арт.: 3225543456
                    
                      Параметры: Вырез горловины: округлый; воротник стойка; Тип рукава: без рукавов; Наличие принта: с принтом; Наличие подкладки: Нет; Чашка: без чашек
                    ",0
"
            Спортивный топ 3328590470-50","
              1199 ₽
            ","
                      Состав: 94% полиамид, 6% эластан
                    
                      Страна-производитель: КИТАЙ
                    
                      Уход: Бережная стирка при максимальной температуре 30ºС, Не отбеливать, Машинная сушка запрещена, Не гладить, Сухая чистка запрещена
                    
                      Арт.: 3328590470
                    
                      Параметры: Вырез горловины: округлый; Чашка: вставные чашечки; Наличие принта: без принта; Наличие подкладки: Да
                    ",0
"
            Спортивный топ 3328590470-50","
              1199 ₽
            ","
                      Состав: 94% полиамид, 6% эластан
                    
                      Страна-производитель: КИТАЙ
                    
                      Уход: Бережная стирка при максимальной температуре 30ºС, Не отбеливать, Машинная сушка запрещена, Не гладить, Сухая чистка запрещена
                    
                      Арт.: 3328590470
                    
                      Параметры: Вырез горловины: округлый; Чашка: вставные чашечки; Наличие принта: без принта; Наличие подкладки: Да
                    ",0
"
            Лосины спортивные 3328591772-50","
              2399 ₽
            ","
                      Состав: 82% полиэстер, 18% эластан
                    
                      Страна-производитель: КИТАЙ
                    
                      Уход: Ручная стирка при максимальной температуре 40ºС, Не отбеливать, Машинная сушка запрещена, Не гладить, Сухая чистка запрещена
                    
                      Арт.: 3328591772
                    
                      Параметры: Тип карманов: без карманов; Тип посадки: высокая
                    ",0
"
            Лосины спортивные 3328591772-50","
              2399 ₽
            ","
                      Состав: 82% полиэстер, 18% эластан
                    
                      Страна-производитель: КИТАЙ
                    
                      Уход: Ручная стирка при максимальной температуре 40ºС, Не отбеливать, Машинная сушка запрещена, Не гладить, Сухая чистка запрещена
                    
                      Арт.: 3328591772
                    
                      Параметры: Тип карманов: без карманов; Тип посадки: высокая
                    ",0
"
            Спортивный топ 3328591472-37","
              1599 ₽
            ","
                      Состав: 82% полиэстер, 18% эластан, 82% полиэстер, 18% эластан
                    
                      Страна-производитель: КИТАЙ
                    
                      Уход: Ручная стирка при максимальной температуре 40ºС, Не отбеливать, Машинная сушка запрещена, Не гладить, Сухая чистка запрещена
                    
                      Арт.: 3328591472
                    
                      Параметры: Чашка: вставные чашечки; Наличие принта: без принта; Наличие подкладки: Да; Вырез горловины: V образный
                    ",0
"
            Спортивный топ 3328591472-37","
              1599 ₽
            ","
                      Состав: 82% полиэстер, 18% эластан, 82% полиэстер, 18% эластан
                    
                      Страна-производитель: КИТАЙ
                    
                      Уход: Ручная стирка при максимальной температуре 40ºС, Не отбеливать, Машинная сушка запрещена, Не гладить, Сухая чистка запрещена
                    
                      Арт.: 3328591472
                    
                      Параметры: Чашка: вставные чашечки; Наличие принта: без принта; Наличие подкладки: Да; Вырез горловины: V образный
                    ",0
"
            Спортивный топ 3328590471-40","
              1599 ₽
            ","
                      Состав: 94% полиамид, 6% эластан
                    
                      Страна-производитель: КИТАЙ
                    
                      Уход: Бережная стирка при максимальной температуре 30ºС, Не отбеливать, Машинная сушка запрещена, Не гладить, Сухая чистка запрещена
                    
                      Арт.: 3328590471
                    
                      Параметры: Чашка: вставные чашечки; Вырез горловины: фигурный; Наличие принта: без принта; Наличие подкладки: Да
                    ",0
"
            Спортивный топ 3328590471-40","
              1599 ₽
            ","
                      Состав: 94% полиамид, 6% эластан
                    
                      Страна-производитель: КИТАЙ
                    
                      Уход: Бережная стирка при максимальной температуре 30ºС, Не отбеливать, Машинная сушка запрещена, Не гладить, Сухая чистка запрещена
                    
                      Арт.: 3328590471
                    
                      Параметры: Чашка: вставные чашечки; Вырез горловины: фигурный; Наличие принта: без принта; Наличие подкладки: Да
                    ",0
"
            Лосины спортивные 3328599779-50","
              2399 ₽
            ","
                      Состав: 84% полиэстер, 16% эластан
                    
                      Страна-производитель: КИТАЙ
                    
                      Уход: Бережная стирка при максимальной температуре 30ºС, Не отбеливать, Машинная сушка запрещена, Не гладить, Сухая чистка запрещена
                    
                      Арт.: 3328599779
                    
                      Параметры: Тип посадки: высокая; Тип карманов: без карманов
                    ",0
"
            Лосины спортивные 3328599779-50","
              2399 ₽
            ","
                      Состав: 84% полиэстер, 16% эластан
                    
                      Страна-производитель: КИТАЙ
                    
                      Уход: Бережная стирка при максимальной температуре 30ºС, Не отбеливать, Машинная сушка запрещена, Не гладить, Сухая чистка запрещена
                    
                      Арт.: 3328599779
                    
                      Параметры: Тип посадки: высокая; Тип карманов: без карманов
                    ",0
"
            Свитшот из хлопка 3328595482-40","
              2599 ₽
            ","
                      Состав: 65% хлопок, 35% полиэстер
                    
                      Страна-производитель: КИТАЙ
                    
                      Уход: Бережная стирка при максимальной температуре 30ºС, Не отбеливать, Машинная сушка запрещена, Глажение при 110ºС, Не отбеливать
                    
                      Арт.: 3328595482
                    ",0
"
            Свитшот из хлопка 3328595482-40","
              2599 ₽
            ","
                      Состав: 65% хлопок, 35% полиэстер
                    
                      Страна-производитель: КИТАЙ
                    
                      Уход: Бережная стирка при максимальной температуре 30ºС, Не отбеливать, Машинная сушка запрещена, Глажение при 110ºС, Не отбеливать
                    
                      Арт.: 3328595482
                    ",0
"
            Спортивный джемпер 3328595481-50","
              2799 ₽
            ","
                      Состав: 65% хлопок, 35% полиэстер
                    
                      Страна-производитель: КИТАЙ
                    
                      Уход: Бережная стирка при максимальной температуре 30ºС, Не отбеливать, Машинная сушка запрещена, Глажение при 110ºС, Сухая чистка запрещена
                    
                      Арт.: 3328595481
                    ",0
"
            Спортивный джемпер 3328595481-50","
              2799 ₽
            ","
                      Состав: 65% хлопок, 35% полиэстер
                    
                      Страна-производитель: КИТАЙ
                    
                      Уход: Бережная стирка при максимальной температуре 30ºС, Не отбеливать, Машинная сушка запрещена, Глажение при 110ºС, Сухая чистка запрещена
                    
                      Арт.: 3328595481
                    ",0
"
            Спортивные брюки 3328595775-33","
              2399 ₽
            ","
                      Состав: 65% хлопок, 35% полиэстер
                    
                      Страна-производитель: КИТАЙ
                    
                      Уход: Бережная стирка при максимальной температуре 30ºС, Не отбеливать, Машинная сушка запрещена, Глажение при 110ºС, Сухая чистка запрещена
                    
                      Арт.: 3328595775
                    
                      Параметры: Застежка: без застежки; Модель брюк: спортивные; Тип карманов: с отрезным бочком; Тип посадки: высокая
                    ",0
"
            Спортивные брюки 3328595775-33","
              2399 ₽
            ","
                      Состав: 65% хлопок, 35% полиэстер
                    
                      Страна-производитель: КИТАЙ
                    
                      Уход: Бережная стирка при максимальной температуре 30ºС, Не отбеливать, Машинная сушка запрещена, Глажение при 110ºС, Сухая чистка запрещена
                    
                      Арт.: 3328595775
                    
                      Параметры: Застежка: без застежки; Модель брюк: спортивные; Тип карманов: с отрезным бочком; Тип посадки: высокая
                    ",0
"
            Спортивный джемпер 3328595481-33","
              2799 ₽
            ","
                      Состав: 65% хлопок, 35% полиэстер
                    
                      Страна-производитель: КИТАЙ
                    
                      Уход: Бережная стирка при максимальной температуре 30ºС, Не отбеливать, Машинная сушка запрещена, Глажение при 110ºС, Сухая чистка запрещена
                    
                      Арт.: 3328595481
                    ",0
"
            Спортивный джемпер 3328595481-33","
              2799 ₽
            ","
                      Состав: 65% хлопок, 35% полиэстер
                    
                      Страна-производитель: КИТАЙ
                    
                      Уход: Бережная стирка при максимальной температуре 30ºС, Не отбеливать, Машинная сушка запрещена, Глажение при 110ºС, Сухая чистка запрещена
                    
                      Арт.: 3328595481
                    ",0
"
            Спортивная футболка 3328594478-2","
              1599 ₽
            ","
                      Состав: 63% полиэстер, 32% модал, 5% эластан
                    
                      Страна-производитель: КИТАЙ
                    
                      Уход: Бережная стирка при максимальной температуре 30ºС, Не отбеливать, Машинная сушка запрещена, Глажение при 110ºС, Сухая чистка запрещена
                    
                      Арт.: 3328594478
                    
                      Параметры: Вырез горловины: округлый; Чашка: без чашек; Тип рукава: без рукавов; Наличие принта: без принта; Наличие подкладки: Нет
                    ",0
"
            Спортивная футболка 3328594478-2","
              1599 ₽
            ","
                      Состав: 63% полиэстер, 32% модал, 5% эластан
                    
                      Страна-производитель: КИТАЙ
                    
                      Уход: Бережная стирка при максимальной температуре 30ºС, Не отбеливать, Машинная сушка запрещена, Глажение при 110ºС, Сухая чистка запрещена
                    
                      Арт.: 3328594478
                    
                      Параметры: Вырез горловины: округлый; Чашка: без чашек; Тип рукава: без рукавов; Наличие принта: без принта; Наличие подкладки: Нет
                    ",0
"
            Спортивная майка 3224511411-50","
              799 ₽
            ","
                      Состав: 63% полиэстер, 32% модал, 5% эластан
                    
                      Страна-производитель: КИТАЙ
                    
                      Уход: Ручная стирка при максимальной температуре 40ºС, Не отбеливать, Машинная сушка запрещена, Глажение при 110ºС, Профессиональная сухая чистка. Мягкий режим.
                    
                      Арт.: 3224511411
                    
                      Параметры: Вырез горловины: округлый; Тип рукава: без рукавов; Наличие принта: с принтом; Наличие подкладки: Нет; Чашка: нет
                    ",0
"
            Спортивная майка 3224511411-50","
              799 ₽
            ","
                      Состав: 63% полиэстер, 32% модал, 5% эластан
                    
                      Страна-производитель: КИТАЙ
                    
                      Уход: Ручная стирка при максимальной температуре 40ºС, Не отбеливать, Машинная сушка запрещена, Глажение при 110ºС, Профессиональная сухая чистка. Мягкий режим.
                    
                      Арт.: 3224511411
                    
                      Параметры: Вырез горловины: округлый; Тип рукава: без рукавов; Наличие принта: с принтом; Наличие подкладки: Нет; Чашка: нет
                    ",0
"
            Спортивные брюки 3328595775-50","
              2399 ₽
            ","
                      Состав: 65% хлопок, 35% полиэстер
                    
                      Страна-производитель: КИТАЙ
                    
                      Уход: Бережная стирка при максимальной температуре 30ºС, Не отбеливать, Машинная сушка запрещена, Глажение при 110ºС, Сухая чистка запрещена
                    
                      Арт.: 3328595775
                    
                      Параметры: Застежка: без застежки; Модель брюк: спортивные; Тип карманов: с отрезным бочком; Тип посадки: высокая
                    ",0
"
            Спортивные брюки 3328595775-50","
              2399 ₽
            ","
                      Состав: 65% хлопок, 35% полиэстер
                    
                      Страна-производитель: КИТАЙ
                    
                      Уход: Бережная стирка при максимальной температуре 30ºС, Не отбеливать, Машинная сушка запрещена, Глажение при 110ºС, Сухая чистка запрещена
                    
                      Арт.: 3328595775
                    
                      Параметры: Застежка: без застежки; Модель брюк: спортивные; Тип карманов: с отрезным бочком; Тип посадки: высокая
                    ",0
"
            Спортивная футболка 3328594478-50","
              1599 ₽
            ","
                      Состав: 63% полиэстер, 32% модал, 5% эластан
                    
                      Страна-производитель: КИТАЙ
                    
                      Уход: Бережная стирка при максимальной температуре 30ºС, Не отбеливать, Машинная сушка запрещена, Глажение при 110ºС, Сухая чистка запрещена
                    
                      Арт.: 3328594478
                    
                      Параметры: Вырез горловины: округлый; Чашка: без чашек; Тип рукава: без рукавов; Наличие принта: без принта; Наличие подкладки: Нет
                    ",0
"
            Спортивная футболка 3328594478-50","
              1599 ₽
            ","
                      Состав: 63% полиэстер, 32% модал, 5% эластан
                    
                      Страна-производитель: КИТАЙ
                    
                      Уход: Бережная стирка при максимальной температуре 30ºС, Не отбеливать, Машинная сушка запрещена, Глажение при 110ºС, Сухая чистка запрещена
                    
                      Арт.: 3328594478
                    
                      Параметры: Вырез горловины: округлый; Чашка: без чашек; Тип рукава: без рукавов; Наличие принта: без принта; Наличие подкладки: Нет
                    ",0
"
            Свитшот из хлопка 3328595482-33","
              2599 ₽
            ","
                      Состав: 65% хлопок, 35% полиэстер
                    
                      Страна-производитель: КИТАЙ
                    
                      Уход: Бережная стирка при максимальной температуре 30ºС, Не отбеливать, Машинная сушка запрещена, Глажение при 110ºС, Не отбеливать
                    
                      Арт.: 3328595482
                    ",0
"
            Свитшот из хлопка 3328595482-33","
              2599 ₽
            ","
                      Состав: 65% хлопок, 35% полиэстер
                    
                      Страна-производитель: КИТАЙ
                    
                      Уход: Бережная стирка при максимальной температуре 30ºС, Не отбеливать, Машинная сушка запрещена, Глажение при 110ºС, Не отбеливать
                    
                      Арт.: 3328595482
                    ",0
"
            Спортивная футболка 3328592479-40","
              1599 ₽
            ","
                      Состав: 90% полиэстер, 10% эластан
                    
                      Страна-производитель: КИТАЙ
                    
                      Уход: Бережная стирка при максимальной температуре 30ºС, Не отбеливать, Машинная сушка запрещена, Глажение при 110ºС, Сухая чистка запрещена
                    
                      Арт.: 3328592479
                    ",0
"
            Спортивная футболка 3328592479-40","
              1599 ₽
            ","
                      Состав: 90% полиэстер, 10% эластан
                    
                      Страна-производитель: КИТАЙ
                    
                      Уход: Бережная стирка при максимальной температуре 30ºС, Не отбеливать, Машинная сушка запрещена, Глажение при 110ºС, Сухая чистка запрещена
                    
                      Арт.: 3328592479
                    ",0
"
            Спортивная футболка 3328592479-50","
              1599 ₽
            ","
                      Состав: 90% полиэстер, 10% эластан
                    
                      Страна-производитель: КИТАЙ
                    
                      Уход: Бережная стирка при максимальной температуре 30ºС, Не отбеливать, Машинная сушка запрещена, Глажение при 110ºС, Сухая чистка запрещена
                    
                      Арт.: 3328592479
                    ",0
"
            Спортивная футболка 3328592479-50","
              1599 ₽
            ","
                      Состав: 90% полиэстер, 10% эластан
                    
                      Страна-производитель: КИТАЙ
                    
                      Уход: Бережная стирка при максимальной температуре 30ºС, Не отбеливать, Машинная сушка запрещена, Глажение при 110ºС, Сухая чистка запрещена
                    
                      Арт.: 3328592479
                    ",0
"
            Спортивные шорты 3225540761-90","
              1899 ₽
            ","
                      Состав: 48% вискоза, 47% полиэстер, 5% эластан
                    
                      Страна-производитель: КИТАЙ
                    
                      Уход: Ручная стирка при максимальной температуре 40ºС, Не отбеливать, Машинная сушка запрещена, Глажение при 110ºС, Профессиональная сухая чистка. Мягкий режим.
                    
                      Арт.: 3225540761
                    
                      Параметры: Тип карманов: в шве; Тип посадки: высокая; Основной материал: трикотажное
                    ",0
"
            Спортивные шорты 3225540761-90","
              1899 ₽
            ","
                      Состав: 48% вискоза, 47% полиэстер, 5% эластан
                    
                      Страна-производитель: КИТАЙ
                    
                      Уход: Ручная стирка при максимальной температуре 40ºС, Не отбеливать, Машинная сушка запрещена, Глажение при 110ºС, Профессиональная сухая чистка. Мягкий режим.
                    
                      Арт.: 3225540761
                    
                      Параметры: Тип карманов: в шве; Тип посадки: высокая; Основной материал: трикотажное
                    ",0
"
            Спортивные шорты 3225540761-50","
              1299 ₽
            ","
                      Состав: 48% вискоза, 47% полиэстер, 5% эластан
                    
                      Страна-производитель: КИТАЙ
                    
                      Уход: Ручная стирка при максимальной температуре 40ºС, Не отбеливать, Машинная сушка запрещена, Глажение при 110ºС, Профессиональная сухая чистка. Мягкий режим.
                    
                      Арт.: 3225540761
                    
                      Параметры: Тип карманов: в шве; Тип посадки: высокая; Основной материал: трикотажное
                    ",0
"
            Спортивные шорты 3225540761-50","
              1299 ₽
            ","
                      Состав: 48% вискоза, 47% полиэстер, 5% эластан
                    
                      Страна-производитель: КИТАЙ
                    
                      Уход: Ручная стирка при максимальной температуре 40ºС, Не отбеливать, Машинная сушка запрещена, Глажение при 110ºС, Профессиональная сухая чистка. Мягкий режим.
                    
                      Арт.: 3225540761
                    
                      Параметры: Тип карманов: в шве; Тип посадки: высокая; Основной материал: трикотажное
                    ",0
"
            Спортивные шорты 3225540761-60","
              1899 ₽
            ","
                      Состав: 48% вискоза, 47% полиэстер, 5% эластан
                    
                      Страна-производитель: КИТАЙ
                    
                      Уход: Ручная стирка при максимальной температуре 40ºС, Не отбеливать, Машинная сушка запрещена, Глажение при 110ºС, Профессиональная сухая чистка. Мягкий режим.
                    
                      Арт.: 3225540761
                    
                      Параметры: Тип карманов: в шве; Тип посадки: высокая; Основной материал: трикотажное
                    ",0
"
            Спортивные шорты 3225540761-60","
              1899 ₽
            ","
                      Состав: 48% вискоза, 47% полиэстер, 5% эластан
                    
                      Страна-производитель: КИТАЙ
                    
                      Уход: Ручная стирка при максимальной температуре 40ºС, Не отбеливать, Машинная сушка запрещена, Глажение при 110ºС, Профессиональная сухая чистка. Мягкий режим.
                    
                      Арт.: 3225540761
                    
                      Параметры: Тип карманов: в шве; Тип посадки: высокая; Основной материал: трикотажное
                    ",0
"
            Худи с короткими рукавами 3225540452-50","
              1399 ₽
            ","
                      Состав: 48% вискоза, 47% полиэстер, 5% эластан
                    
                      Страна-производитель: КИТАЙ
                    
                      Уход: Ручная стирка при максимальной температуре 40ºС, Не отбеливать, Машинная сушка запрещена, Глажение при 110ºС, Профессиональная сухая чистка. Мягкий режим.
                    
                      Арт.: 3225540452
                    ",0
"
            Худи с короткими рукавами 3225540452-50","
              1399 ₽
            ","
                      Состав: 48% вискоза, 47% полиэстер, 5% эластан
                    
                      Страна-производитель: КИТАЙ
                    
                      Уход: Ручная стирка при максимальной температуре 40ºС, Не отбеливать, Машинная сушка запрещена, Глажение при 110ºС, Профессиональная сухая чистка. Мягкий режим.
                    
                      Арт.: 3225540452
                    ",0
"
            Спортивный топ 3224541410-60","
              999 ₽
            ","
                      Состав: 82% полиэстер, 18% эластан, 95% полиэстер, 5% эластан
                    
                      Страна-производитель: КИТАЙ
                    
                      Уход: Ручная стирка при максимальной температуре 40ºС, Не отбеливать, Машинная сушка запрещена, Не гладить, Профессиональная сухая чистка. Мягкий режим.
                    
                      Арт.: 3224541410
                    
                      Параметры: Вырез горловины: асимметричный; Наличие принта: без принта; Наличие подкладки: Да; Чашка: вставные чашечки
                    ",0
"
            Спортивный топ 3224541410-60","
              999 ₽
            ","
                      Состав: 82% полиэстер, 18% эластан, 95% полиэстер, 5% эластан
                    
                      Страна-производитель: КИТАЙ
                    
                      Уход: Ручная стирка при максимальной температуре 40ºС, Не отбеливать, Машинная сушка запрещена, Не гладить, Профессиональная сухая чистка. Мягкий режим.
                    
                      Арт.: 3224541410
                    
                      Параметры: Вырез горловины: асимметричный; Наличие принта: без принта; Наличие подкладки: Да; Чашка: вставные чашечки
                    ",0
"
            Спортивный топ 3224600416-17","
              799 ₽
            ","
                      Состав: 94% полиамид, 6% эластан, 94% полиамид, 6% эластан
                    
                      Страна-производитель: КИТАЙ
                    
                      Уход: Бережная стирка при максимальной температуре 30ºС, Не отбеливать, Машинная сушка запрещена, Не гладить, Профессиональная сухая чистка. Мягкий режим.
                    
                      Арт.: 3224600416
                    
                      Параметры: Вырез горловины: V образный; Наличие принта: без принта; Наличие подкладки: Да; Чашка: вставные чашечки
                    ",0
"
            Спортивный топ 3224600416-17","
              799 ₽
            ","
                      Состав: 94% полиамид, 6% эластан, 94% полиамид, 6% эластан
                    
                      Страна-производитель: КИТАЙ
                    
                      Уход: Бережная стирка при максимальной температуре 30ºС, Не отбеливать, Машинная сушка запрещена, Не гладить, Профессиональная сухая чистка. Мягкий режим.
                    
                      Арт.: 3224600416
                    
                      Параметры: Вырез горловины: V образный; Наличие принта: без принта; Наличие подкладки: Да; Чашка: вставные чашечки
                    ",0
"
            Спортивный топ 3224600416-50","
              599 ₽
            ","
                      Состав: 94% полиамид, 6% эластан, 94% полиамид, 6% эластан
                    
                      Страна-производитель: КИТАЙ
                    
                      Уход: Бережная стирка при максимальной температуре 30ºС, Не отбеливать, Машинная сушка запрещена, Не гладить, Профессиональная сухая чистка. Мягкий режим.
                    
                      Арт.: 3224600416
                    
                      Параметры: Вырез горловины: V образный; Наличие принта: без принта; Наличие подкладки: Да; Чашка: вставные чашечки
                    ",0
"
            Спортивный топ 3224600416-50","
              599 ₽
            ","
                      Состав: 94% полиамид, 6% эластан, 94% полиамид, 6% эластан
                    
                      Страна-производитель: КИТАЙ
                    
                      Уход: Бережная стирка при максимальной температуре 30ºС, Не отбеливать, Машинная сушка запрещена, Не гладить, Профессиональная сухая чистка. Мягкий режим.
                    
                      Арт.: 3224600416
                    
                      Параметры: Вырез горловины: V образный; Наличие принта: без принта; Наличие подкладки: Да; Чашка: вставные чашечки
                    ",0
"
            Спортивная юбка-шорты 3224541765-50","
              999 ₽
            ","
                      Состав: 82% полиэстер, 18% эластан
                    
                      Страна-производитель: КИТАЙ
                    
                      Уход: Ручная стирка при максимальной температуре 40ºС, Не отбеливать, Машинная сушка запрещена, Не гладить, Профессиональная сухая чистка. Мягкий режим.
                    
                      Арт.: 3224541765
                    
                      Параметры: Тип карманов: 1 накладной карман; Тип посадки: высокая; Основной материал: трикотажное
                    ",0
"
            Спортивная юбка-шорты 3224541765-50","
              999 ₽
            ","
                      Состав: 82% полиэстер, 18% эластан
                    
                      Страна-производитель: КИТАЙ
                    
                      Уход: Ручная стирка при максимальной температуре 40ºС, Не отбеливать, Машинная сушка запрещена, Не гладить, Профессиональная сухая чистка. Мягкий режим.
                    
                      Арт.: 3224541765
                    
                      Параметры: Тип карманов: 1 накладной карман; Тип посадки: высокая; Основной материал: трикотажное
                    ",0
"
            Лосины спортивные 3224541720-50","
              999 ₽
            ","
                      Состав: 82% полиэстер, 18% эластан
                    
                      Страна-производитель: КИТАЙ
                    
                      Уход: Ручная стирка при максимальной температуре 40ºС, Не отбеливать, Машинная сушка запрещена, Не гладить, Профессиональная сухая чистка. Мягкий режим.
                    
                      Арт.: 3224541720
                    
                      Параметры: Тип карманов: без карманов; Тип посадки: высокая
                    ",0
"
            Лосины спортивные 3224541720-50","
              999 ₽
            ","
                      Состав: 82% полиэстер, 18% эластан
                    
                      Страна-производитель: КИТАЙ
                    
                      Уход: Ручная стирка при максимальной температуре 40ºС, Не отбеливать, Машинная сушка запрещена, Не гладить, Профессиональная сухая чистка. Мягкий режим.
                    
                      Арт.: 3224541720
                    
                      Параметры: Тип карманов: без карманов; Тип посадки: высокая
                    ",0
"
            Спортивный топ 3224541410-50","
              999 ₽
            ","
                      Состав: 82% полиэстер, 18% эластан, 95% полиэстер, 5% эластан
                    
                      Страна-производитель: КИТАЙ
                    
                      Уход: Ручная стирка при максимальной температуре 40ºС, Не отбеливать, Машинная сушка запрещена, Не гладить, Профессиональная сухая чистка. Мягкий режим.
                    
                      Арт.: 3224541410
                    
                      Параметры: Вырез горловины: асимметричный; Наличие принта: без принта; Наличие подкладки: Да; Чашка: вставные чашечки
                    ",0
"
            Спортивный топ 3224541410-50","
              999 ₽
            ","
                      Состав: 82% полиэстер, 18% эластан, 95% полиэстер, 5% эластан
                    
                      Страна-производитель: КИТАЙ
                    
                      Уход: Ручная стирка при максимальной температуре 40ºС, Не отбеливать, Машинная сушка запрещена, Не гладить, Профессиональная сухая чистка. Мягкий режим.
                    
                      Арт.: 3224541410
                    
                      Параметры: Вырез горловины: асимметричный; Наличие принта: без принта; Наличие подкладки: Да; Чашка: вставные чашечки
                    ",0
"
            Велосипедки спортивные 3224541725-50","
              999 ₽
            ","
                      Состав: 82% полиэстер, 18% эластан
                    
                      Страна-производитель: КИТАЙ
                    
                      Уход: Ручная стирка при максимальной температуре 40ºС, Не отбеливать, Машинная сушка запрещена, Не гладить, Профессиональная сухая чистка. Мягкий режим.
                    
                      Арт.: 3224541725
                    
                      Параметры: Тип карманов: без карманов; Тип посадки: высокая; Основной материал: трикотажное
                    ",0
"
            Велосипедки спортивные 3224541725-50","
              999 ₽
            ","
                      Состав: 82% полиэстер, 18% эластан
                    
                      Страна-производитель: КИТАЙ
                    
                      Уход: Ручная стирка при максимальной температуре 40ºС, Не отбеливать, Машинная сушка запрещена, Не гладить, Профессиональная сухая чистка. Мягкий режим.
                    
                      Арт.: 3224541725
                    
                      Параметры: Тип карманов: без карманов; Тип посадки: высокая; Основной материал: трикотажное
                    ",0
"
            Спортивная футболка 3224511412-60","
              999 ₽
            ","
                      Состав: 63% полиэстер, 32% модал, 5% эластан
                    
                      Страна-производитель: КИТАЙ
                    
                      Уход: Ручная стирка при максимальной температуре 40ºС, Не отбеливать, Машинная сушка запрещена, Глажение при 110ºС, Профессиональная сухая чистка. Мягкий режим.
                    
                      Арт.: 3224511412
                    ",0
"
            Спортивная футболка 3224511412-60","
              999 ₽
            ","
                      Состав: 63% полиэстер, 32% модал, 5% эластан
                    
                      Страна-производитель: КИТАЙ
                    
                      Уход: Ручная стирка при максимальной температуре 40ºС, Не отбеливать, Машинная сушка запрещена, Глажение при 110ºС, Профессиональная сухая чистка. Мягкий режим.
                    
                      Арт.: 3224511412
                    ",0
"
            Спортивная футболка 3224511412-50","
              599 ₽
            ","
                      Состав: 63% полиэстер, 32% модал, 5% эластан
                    
                      Страна-производитель: КИТАЙ
                    
                      Уход: Ручная стирка при максимальной температуре 40ºС, Не отбеливать, Машинная сушка запрещена, Глажение при 110ºС, Профессиональная сухая чистка. Мягкий режим.
                    
                      Арт.: 3224511412
                    ",0
"
            Спортивная футболка 3224511412-50","
              599 ₽
            ","
                      Состав: 63% полиэстер, 32% модал, 5% эластан
                    
                      Страна-производитель: КИТАЙ
                    
                      Уход: Ручная стирка при максимальной температуре 40ºС, Не отбеливать, Машинная сушка запрещена, Глажение при 110ºС, Профессиональная сухая чистка. Мягкий режим.
                    
                      Арт.: 3224511412
                    ",0
"
            Спортивные лосины 3225543766-50","
              1299 ₽
            ","
                      Состав: 82% полиэстер, 18% эластан
                    
                      Страна-производитель: КИТАЙ
                    
                      Уход: Бережная стирка при максимальной температуре 30ºС, Не отбеливать, Машинная сушка запрещена, Не гладить, Профессиональная сухая чистка. Мягкий режим.
                    
                      Арт.: 3225543766
                    
                      Параметры: Тип карманов: без карманов; Тип посадки: высокая
                    ",0
"
            Спортивные лосины 3225543766-50","
              1299 ₽
            ","
                      Состав: 82% полиэстер, 18% эластан
                    
                      Страна-производитель: КИТАЙ
                    
                      Уход: Бережная стирка при максимальной температуре 30ºС, Не отбеливать, Машинная сушка запрещена, Не гладить, Профессиональная сухая чистка. Мягкий режим.
                    
                      Арт.: 3225543766
                    
                      Параметры: Тип карманов: без карманов; Тип посадки: высокая
                    ",0
"
            Спортивный топ 3224600418-17","
              699 ₽
            ","
                      Состав: 94% полиамид, 6% эластан
                    
                      Страна-производитель: КИТАЙ
                    
                      Уход: Бережная стирка при максимальной температуре 30ºС, Не отбеливать, Машинная сушка запрещена, Не гладить, Профессиональная сухая чистка. Мягкий режим.
                    
                      Арт.: 3224600418
                    
                      Параметры: Вырез горловины: округлый; Тип рукава: без рукавов; Наличие принта: без принта; Наличие подкладки: Нет; Чашка: без чашек
                    ",0
"
            Спортивный топ 3224600418-17","
              699 ₽
            ","
                      Состав: 94% полиамид, 6% эластан
                    
                      Страна-производитель: КИТАЙ
                    
                      Уход: Бережная стирка при максимальной температуре 30ºС, Не отбеливать, Машинная сушка запрещена, Не гладить, Профессиональная сухая чистка. Мягкий режим.
                    
                      Арт.: 3224600418
                    
                      Параметры: Вырез горловины: округлый; Тип рукава: без рукавов; Наличие принта: без принта; Наличие подкладки: Нет; Чашка: без чашек
                    ",0
"
            Лосины спортивные 3224600722-50","
              999 ₽
            ","
                      Состав: 94% полиамид, 6% эластан
                    
                      Страна-производитель: КИТАЙ
                    
                      Уход: Бережная стирка при максимальной температуре 30ºС, Не отбеливать, Машинная сушка запрещена, Не гладить, Профессиональная сухая чистка. Мягкий режим.
                    
                      Арт.: 3224600722
                    
                      Параметры: Тип карманов: без карманов; Тип посадки: высокая
                    ",0
"
            Лосины спортивные 3224600722-50","
              999 ₽
            ","
                      Состав: 94% полиамид, 6% эластан
                    
                      Страна-производитель: КИТАЙ
                    
                      Уход: Бережная стирка при максимальной температуре 30ºС, Не отбеливать, Машинная сушка запрещена, Не гладить, Профессиональная сухая чистка. Мягкий режим.
                    
                      Арт.: 3224600722
                    
                      Параметры: Тип карманов: без карманов; Тип посадки: высокая
                    ",0
"
            Велосипедки спортивные 3224600724-50","
              999 ₽
            ","
                      Состав: 94% полиамид, 6% эластан
                    
                      Страна-производитель: КИТАЙ
                    
                      Уход: Бережная стирка при максимальной температуре 30ºС, Не отбеливать, Машинная сушка запрещена, Не гладить, Профессиональная сухая чистка. Мягкий режим.
                    
                      Арт.: 3224600724
                    
                      Параметры: Тип карманов: без карманов; Тип посадки: высокая; Основной материал: вязаное
                    ",0
"
            Велосипедки спортивные 3224600724-50","
              999 ₽
            ","
                      Состав: 94% полиамид, 6% эластан
                    
                      Страна-производитель: КИТАЙ
                    
                      Уход: Бережная стирка при максимальной температуре 30ºС, Не отбеливать, Машинная сушка запрещена, Не гладить, Профессиональная сухая чистка. Мягкий режим.
                    
                      Арт.: 3224600724
                    
                      Параметры: Тип карманов: без карманов; Тип посадки: высокая; Основной материал: вязаное
                    ",0
"
            Спортивный топ 3224600418-50","
              599 ₽
            ","
                      Состав: 94% полиамид, 6% эластан
                    
                      Страна-производитель: КИТАЙ
                    
                      Уход: Бережная стирка при максимальной температуре 30ºС, Не отбеливать, Машинная сушка запрещена, Не гладить, Профессиональная сухая чистка. Мягкий режим.
                    
                      Арт.: 3224600418
                    
                      Параметры: Вырез горловины: округлый; Тип рукава: без рукавов; Наличие принта: без принта; Наличие подкладки: Нет; Чашка: без чашек
                    ",0
"
            Спортивный топ 3224600418-50","
              599 ₽
            ","
                      Состав: 94% полиамид, 6% эластан
                    
                      Страна-производитель: КИТАЙ
                    
                      Уход: Бережная стирка при максимальной температуре 30ºС, Не отбеливать, Машинная сушка запрещена, Не гладить, Профессиональная сухая чистка. Мягкий режим.
                    
                      Арт.: 3224600418
                    
                      Параметры: Вырез горловины: округлый; Тип рукава: без рукавов; Наличие принта: без принта; Наличие подкладки: Нет; Чашка: без чашек
                    ",0
"
            Лосины спортивные 3224601758-50","
              999 ₽
            ","
                      Состав: 65% полиамид, 25% полиэстер, 10% эластан
                    
                      Страна-производитель: КИТАЙ
                    
                      Уход: Бережная стирка при максимальной температуре 30ºС, Не отбеливать, Машинная сушка запрещена, Не гладить, Профессиональная сухая чистка. Мягкий режим.
                    
                      Арт.: 3224601758
                    
                      Параметры: Тип карманов: без карманов; Тип посадки: высокая
                    ",0
"
            Лосины спортивные 3224601758-50","
              999 ₽
            ","
                      Состав: 65% полиамид, 25% полиэстер, 10% эластан
                    
                      Страна-производитель: КИТАЙ
                    
                      Уход: Бережная стирка при максимальной температуре 30ºС, Не отбеливать, Машинная сушка запрещена, Не гладить, Профессиональная сухая чистка. Мягкий режим.
                    
                      Арт.: 3224601758
                    
                      Параметры: Тип карманов: без карманов; Тип посадки: высокая
                    ",0
"
            Спортивный топ 3224601451-50","
              599 ₽
            ","
                      Состав: 65% полиамид, 25% полиэстер, 10% эластан
                    
                      Страна-производитель: КИТАЙ
                    
                      Уход: Бережная стирка при максимальной температуре 30ºС, Не отбеливать, Машинная сушка запрещена, Не гладить, Профессиональная сухая чистка. Мягкий режим.
                    
                      Арт.: 3224601451
                    
                      Параметры: Вырез горловины: округлый; Наличие принта: без принта; Наличие подкладки: Да; Чашка: вставные чашечки
                    ",0
"
            Спортивный топ 3224601451-50","
              599 ₽
            ","
                      Состав: 65% полиамид, 25% полиэстер, 10% эластан
                    
                      Страна-производитель: КИТАЙ
                    
                      Уход: Бережная стирка при максимальной температуре 30ºС, Не отбеливать, Машинная сушка запрещена, Не гладить, Профессиональная сухая чистка. Мягкий режим.
                    
                      Арт.: 3224601451
                    
                      Параметры: Вырез горловины: округлый; Наличие принта: без принта; Наличие подкладки: Да; Чашка: вставные чашечки
                    ",0
"
            Спортивный топ 3224601450-50","
              999 ₽
            ","
                      Состав: 65% полиамид, 25% полиэстер, 10% эластан
                    
                      Страна-производитель: КИТАЙ
                    
                      Уход: Бережная стирка при максимальной температуре 30ºС, Не отбеливать, Машинная сушка запрещена, Не гладить, Профессиональная сухая чистка. Мягкий режим.
                    
                      Арт.: 3224601450
                    
                      Параметры: Вырез горловины: округлый; Тип рукава: длинный; Наличие принта: без принта; Наличие подкладки: Нет; Чашка: без чашек
                    ",0
"
            Спортивный топ 3224601450-50","
              999 ₽
            ","
                      Состав: 65% полиамид, 25% полиэстер, 10% эластан
                    
                      Страна-производитель: КИТАЙ
                    
                      Уход: Бережная стирка при максимальной температуре 30ºС, Не отбеливать, Машинная сушка запрещена, Не гладить, Профессиональная сухая чистка. Мягкий режим.
                    
                      Арт.: 3224601450
                    
                      Параметры: Вырез горловины: округлый; Тип рукава: длинный; Наличие принта: без принта; Наличие подкладки: Нет; Чашка: без чашек
                    ",0
"
            Спортивная майка 3224511411-60","
              799 ₽
            ","
                      Состав: 63% полиэстер, 32% модал, 5% эластан
                    
                      Страна-производитель: КИТАЙ
                    
                      Уход: Ручная стирка при максимальной температуре 40ºС, Не отбеливать, Машинная сушка запрещена, Глажение при 110ºС, Профессиональная сухая чистка. Мягкий режим.
                    
                      Арт.: 3224511411
                    
                      Параметры: Вырез горловины: округлый; Тип рукава: без рукавов; Наличие принта: с принтом; Наличие подкладки: Нет; Чашка: нет
                    ",0
"
            Спортивная майка 3224511411-60","
              799 ₽
            ","
                      Состав: 63% полиэстер, 32% модал, 5% эластан
                    
                      Страна-производитель: КИТАЙ
                    
                      Уход: Ручная стирка при максимальной температуре 40ºС, Не отбеливать, Машинная сушка запрещена, Глажение при 110ºС, Профессиональная сухая чистка. Мягкий режим.
                    
                      Арт.: 3224511411
                    
                      Параметры: Вырез горловины: округлый; Тип рукава: без рукавов; Наличие принта: с принтом; Наличие подкладки: Нет; Чашка: нет
                    ",0
"
            Спортивный топ 2368690410-37","
              599 ₽
            ","
                      Состав: 82% полиэстер, 18% эластан, 95% полиэстер, 5% эластан
                    
                      Страна-производитель: КИТАЙ
                    
                      Уход: Бережная стирка при максимальной температуре 30ºС, Не отбеливать, Машинная сушка запрещена, Не гладить, Сухая чистка запрещена
                    
                      Арт.: 2368690410
                    
                      Параметры: Вырез горловины: округлый; Наличие принта: без принта; Наличие подкладки: Да; Чашка: вставные чашечки
                    ",0
"
            Спортивный топ 2368690410-37","
              599 ₽
            ","
                      Состав: 82% полиэстер, 18% эластан, 95% полиэстер, 5% эластан
                    
                      Страна-производитель: КИТАЙ
                    
                      Уход: Бережная стирка при максимальной температуре 30ºС, Не отбеливать, Машинная сушка запрещена, Не гладить, Сухая чистка запрещена
                    
                      Арт.: 2368690410
                    
                      Параметры: Вырез горловины: округлый; Наличие принта: без принта; Наличие подкладки: Да; Чашка: вставные чашечки
                    ",0
"
            Спортивный топ 2368693415-81","
              999 ₽
            ","
                      Состав: 92% полиамид, 8% эластан
                    
                      Страна-производитель: КИТАЙ
                    
                      Уход: Бережная стирка при максимальной температуре 30ºС, Не отбеливать, Машинная сушка запрещена, Не гладить, Сухая чистка запрещена
                    
                      Арт.: 2368693415
                    
                      Параметры: Вырез горловины: округлый; открытая спина; Наличие принта: без принта; Наличие подкладки: Нет; Чашка: без чашек
                    ",0
"
            Спортивный топ 2368693415-81","
              999 ₽
            ","
                      Состав: 92% полиамид, 8% эластан
                    
                      Страна-производитель: КИТАЙ
                    
                      Уход: Бережная стирка при максимальной температуре 30ºС, Не отбеливать, Машинная сушка запрещена, Не гладить, Сухая чистка запрещена
                    
                      Арт.: 2368693415
                    
                      Параметры: Вырез горловины: округлый; открытая спина; Наличие принта: без принта; Наличие подкладки: Нет; Чашка: без чашек
                    ",0
"
            Спортивный топ 1329510413-20","
              799 ₽
            ","
                      Состав: 85% полиэстер, 15% эластан
                    
                      Страна-производитель: КИТАЙ
                    
                      Уход: Ручная стирка при максимальной температуре 40ºС, Не отбеливать, Машинная сушка запрещена, Не гладить, Сухая чистка запрещена
                    
                      Арт.: 1329510413
                    ",0
"
            Спортивный топ 1329510413-20","
              799 ₽
            ","
                      Состав: 85% полиэстер, 15% эластан
                    
                      Страна-производитель: КИТАЙ
                    
                      Уход: Ручная стирка при максимальной температуре 40ºС, Не отбеливать, Машинная сушка запрещена, Не гладить, Сухая чистка запрещена
                    
                      Арт.: 1329510413
                    ",0
Топ на широких бретелях в рубчик коралл,"
                        2 989 ₽                    ","
Топ на широких бретелях с округлым вырезом горловины изготовлен из упругой микрофибры в рубчик по современной технологии без боковых швов. Модель дополнена широким цельновязаным поясом по низу изделия для дополнительной поддержки груди. Идеально подходит как для домашних, так и для городских и спортивных образов в качестве повседневного топа, а также как элемент нижнего белья.

Фабрики, с которыми мы сотрудничаем, соблюдают общепризнанные стандарты охраны труда. При производстве изделий belle you применяются инновационные технологии для экономии природных ресурсов. Мы доставляем заказы исключительно в экологичной упаковке из органических и переработанных материалов.

Обмеры изделия:
Обхват по груди: 45 см (XS/S), 47 см (M/L), 56 см (XL/XXL), 60 см (3XL/4XL)
Длина изделия: 27 см (XS/S), 32 см (M/L), 35 см (XL/XXL), 36 см (3XL/4XL)
Ширина бретели: 3 см (XS/S), 3,5 см (M/L), 4 см (XL/XXL), 4 см (3XL/4XL)
Обхват проймы: 36 см (XS/S), 44 см (M/L), 46 см (XL/XXL), 47 см (3XL/4XL)
Ширина резинки: 4 см (XS/S), 4 см (M/L), 4 см (XL/XXL), 4 см (3XL/4XL)

Сделано в Италии.




	 Сервис ""belle you в подарок""



	 По вашему запросу мы можем:



упаковать изделия в несколько разных коробок
упаковать изделия в подарочную коробку
убрать бирки с ценой и товарный чек из упаковки
не звонить получателю заранее и сохранить ваш заказ в тайне до момента его вручения


 Подарочная упаковка приобретается отдельно.


	 Просто укажите в комментарии к заказу ваши пожелания и мы их исполним!
	 Не забудьте дополнительно оставить свои контакты в комментарии к заказу.
 
",0
Велосипедки удлиненные в рубчик с широким поясом коралл,"
                        3 389 ₽                    ","
Удлиненные велосипедки с высокой посадкой изготовлены из упругой микрофибры в рубчик по современной технологии без боковых швов. Модель дополнена цельновязаным широким поясом и ластовицей, которые обеспечивают надежную посадку по фигуре, максимальный комфорт и удобство при носке. Идеально подходят как для домашних, так и для городских и спортивных образов. Светлые изделия могут просвечивать.

Фабрики, с которыми мы сотрудничаем, соблюдают общепризнанные стандарты охраны труда. При производстве изделий belle you применяются инновационные технологии для экономии природных ресурсов. Мы доставляем заказы исключительно в экологичной упаковке из органических и переработанных материалов.

Обмеры изделия: 
Обхват по талии: 50 см (XS/S), 54 см (M/L), 58 см (XL/XXL), 62 см (3XL/4XL)
Обхват по бедрам: 50 см (XS/S), 54 см (M/L), 58 см (XL/XXL), 62 см (3XL/4XL)
Высота резинки пояса: 5,5 см (XS/S), 5,5 см (M/L), 5,5 см (XL/XXL), 5,5 см (3XL/4XL)
Обхват по низу: 24 см (XS/S), 26 см (M/L), 28 см (XL/XXL), 32 см (3XL/4XL)
Высота сидения: 27 см (XS/S), 29 см (M/L), 31 см (XL/XXL), 32 см (3XL/4XL)
Длина изделия: 49 см (XS/S), 52 см (M/L), 54 см (XL/XXL), 56 см (3XL/4XL)

Сделано в Италии.




	 Сервис ""belle you в подарок""



	 По вашему запросу мы можем:



упаковать изделия в несколько разных коробок
упаковать изделия в подарочную коробку
убрать бирки с ценой и товарный чек из упаковки
не звонить получателю заранее и сохранить ваш заказ в тайне до момента его вручения


 Подарочная упаковка приобретается отдельно.


	 Просто укажите в комментарии к заказу ваши пожелания и мы их исполним!
	 Не забудьте дополнительно оставить свои контакты в комментарии к заказу.
 
",0
Легинсы со средней посадкой в рубчик коралл,"
                        4 989 ₽                    ","
Легинсы со средней посадкой изготовлены из эластичной микрофибры в рубчик по современной технологии без боковых швов. Модель дополнена цельновязаным поясом и ластовицей, которые обеспечивают надежную посадку по фигуре, комфорт и удобство при носке и максимальную свободу движений. Идеально подходят как для домашних, так и для городских и спортивных образов. Светлые изделия могут просвечивать.

Фабрики, с которыми мы сотрудничаем, соблюдают общепризнанные стандарты охраны труда. При производстве изделий belle you применяются инновационные технологии для экономии природных ресурсов. Мы доставляем заказы исключительно в экологичной упаковке из органических и переработанных материалов.

Обмеры изделия: 
Обхват по талии: 46 см (XS/S), 52 см (M/L), 56 см (XL/XXL), 60 см (3XL/4XL)
Обхват по бедрам: 46 см (XS/S), 52 см (M/L), 54 см (XL/XXL), 60 см (3XL/4XL)
Высота резинки пояса: 5 см (XS/S), 5 см (M/L), 5 см (XL/XXL), 5 см (3XL/4XL)
Обхват по низу: 16 см (XS/S), 18 см (M/L), 20 см (XL/XXL), 22 см (3XL/4XL)
Длина изделия: 80 см (XS/S), 87 см (M/L), 90 см (XL/XXL), 94 см (3XL/4XL)
Высота сидения: 25 см (XS/S), 26,5 см (M/L), 27 см (XL/XXL), 28 см (3XL/4XL)

Сделано в Италии.




	 Сервис ""belle you в подарок""



	 По вашему запросу мы можем:



упаковать изделия в несколько разных коробок
упаковать изделия в подарочную коробку
убрать бирки с ценой и товарный чек из упаковки
не звонить получателю заранее и сохранить ваш заказ в тайне до момента его вручения


 Подарочная упаковка приобретается отдельно.


	 Просто укажите в комментарии к заказу ваши пожелания и мы их исполним!
	 Не забудьте дополнительно оставить свои контакты в комментарии к заказу.
 
",0
Легинсы со средней посадкой в рубчик яркий лайм,"
                        4 989 ₽                    ","
Легинсы со средней посадкой изготовлены из эластичной микрофибры в рубчик по современной технологии без боковых швов. Модель дополнена цельновязаным поясом и ластовицей, которые обеспечивают надежную посадку по фигуре, комфорт и удобство при носке и максимальную свободу движений. Идеально подходят как для домашних, так и для городских и спортивных образов. Светлые изделия могут просвечивать.

Фабрики, с которыми мы сотрудничаем, соблюдают общепризнанные стандарты охраны труда. При производстве изделий belle you применяются инновационные технологии для экономии природных ресурсов. Мы доставляем заказы исключительно в экологичной упаковке из органических и переработанных материалов.

Обмеры изделия: 
Обхват по талии: 46 см (XS/S), 52 см (M/L), 56 см (XL/XXL), 60 см (3XL/4XL)
Обхват по бедрам: 46 см (XS/S), 52 см (M/L), 54 см (XL/XXL), 60 см (3XL/4XL)
Высота резинки пояса: 5 см (XS/S), 5 см (M/L), 5 см (XL/XXL), 5 см (3XL/4XL)
Обхват по низу: 16 см (XS/S), 18 см (M/L), 20 см (XL/XXL), 22 см (3XL/4XL)
Длина изделия: 80 см (XS/S), 87 см (M/L), 90 см (XL/XXL), 94 см (3XL/4XL)
Высота сидения: 25 см (XS/S), 26,5 см (M/L), 27 см (XL/XXL), 28 см (3XL/4XL)

Сделано в Италии.




	 Сервис ""belle you в подарок""



	 По вашему запросу мы можем:



упаковать изделия в несколько разных коробок
упаковать изделия в подарочную коробку
убрать бирки с ценой и товарный чек из упаковки
не звонить получателю заранее и сохранить ваш заказ в тайне до момента его вручения


 Подарочная упаковка приобретается отдельно.


	 Просто укажите в комментарии к заказу ваши пожелания и мы их исполним!
	 Не забудьте дополнительно оставить свои контакты в комментарии к заказу.
 
",0
Топ на широких бретелях в рубчик яркий лайм,"
                        2 989 ₽                    ","
Топ на широких бретелях с округлым вырезом горловины изготовлен из упругой микрофибры в рубчик по современной технологии без боковых швов. Модель дополнена широким цельновязаным поясом по низу изделия для дополнительной поддержки груди. Идеально подходит как для домашних, так и для городских и спортивных образов в качестве повседневного топа, а также как элемент нижнего белья.

Фабрики, с которыми мы сотрудничаем, соблюдают общепризнанные стандарты охраны труда. При производстве изделий belle you применяются инновационные технологии для экономии природных ресурсов. Мы доставляем заказы исключительно в экологичной упаковке из органических и переработанных материалов.

Обмеры изделия:
Обхват по груди: 45 см (XS/S), 47 см (M/L), 56 см (XL/XXL), 60 см (3XL/4XL)
Длина изделия: 27 см (XS/S), 32 см (M/L), 35 см (XL/XXL), 36 см (3XL/4XL)
Ширина бретели: 3 см (XS/S), 3,5 см (M/L), 4 см (XL/XXL), 4 см (3XL/4XL)
Обхват проймы: 36 см (XS/S), 44 см (M/L), 46 см (XL/XXL), 47 см (3XL/4XL)
Ширина резинки: 4 см (XS/S), 4 см (M/L), 4 см (XL/XXL), 4 см (3XL/4XL)

Сделано в Италии.




	 Сервис ""belle you в подарок""



	 По вашему запросу мы можем:



упаковать изделия в несколько разных коробок
упаковать изделия в подарочную коробку
убрать бирки с ценой и товарный чек из упаковки
не звонить получателю заранее и сохранить ваш заказ в тайне до момента его вручения


 Подарочная упаковка приобретается отдельно.


	 Просто укажите в комментарии к заказу ваши пожелания и мы их исполним!
	 Не забудьте дополнительно оставить свои контакты в комментарии к заказу.
 
",0
Велосипедки удлиненные в рубчик с широким поясом яркий лайм,"
                        3 389 ₽                    ","
Удлиненные велосипедки с высокой посадкой изготовлены из упругой микрофибры в рубчик по современной технологии без боковых швов. Модель дополнена цельновязаным широким поясом и ластовицей, которые обеспечивают надежную посадку по фигуре, максимальный комфорт и удобство при носке. Идеально подходят как для домашних, так и для городских и спортивных образов. Светлые изделия могут просвечивать.

Фабрики, с которыми мы сотрудничаем, соблюдают общепризнанные стандарты охраны труда. При производстве изделий belle you применяются инновационные технологии для экономии природных ресурсов. Мы доставляем заказы исключительно в экологичной упаковке из органических и переработанных материалов.

Обмеры изделия: 
Обхват по талии: 50 см (XS/S), 54 см (M/L), 58 см (XL/XXL), 62 см (3XL/4XL)
Обхват по бедрам: 50 см (XS/S), 54 см (M/L), 58 см (XL/XXL), 62 см (3XL/4XL)
Высота резинки пояса: 5,5 см (XS/S), 5,5 см (M/L), 5,5 см (XL/XXL), 5,5 см (3XL/4XL)
Обхват по низу: 24 см (XS/S), 26 см (M/L), 28 см (XL/XXL), 32 см (3XL/4XL)
Высота сидения: 27 см (XS/S), 29 см (M/L), 31 см (XL/XXL), 32 см (3XL/4XL)
Длина изделия: 49 см (XS/S), 52 см (M/L), 54 см (XL/XXL), 56 см (3XL/4XL)

Сделано в Италии.




	 Сервис ""belle you в подарок""



	 По вашему запросу мы можем:



упаковать изделия в несколько разных коробок
упаковать изделия в подарочную коробку
убрать бирки с ценой и товарный чек из упаковки
не звонить получателю заранее и сохранить ваш заказ в тайне до момента его вручения


 Подарочная упаковка приобретается отдельно.


	 Просто укажите в комментарии к заказу ваши пожелания и мы их исполним!
	 Не забудьте дополнительно оставить свои контакты в комментарии к заказу.
 
",0
Топ на широких бретелях в рубчик тыквенный,"
                        2 989 ₽                    ","
Топ на широких бретелях с округлым вырезом горловины изготовлен из упругой микрофибры в рубчик по современной технологии без боковых швов. Модель дополнена широким цельновязаным поясом по низу изделия для дополнительной поддержки груди. Идеально подходит как для домашних, так и для городских и спортивных образов в качестве повседневного топа, а также как элемент нижнего белья.

Фабрики, с которыми мы сотрудничаем, соблюдают общепризнанные стандарты охраны труда. При производстве изделий belle you применяются инновационные технологии для экономии природных ресурсов. Мы доставляем заказы исключительно в экологичной упаковке из органических и переработанных материалов.

Обмеры изделия:
Обхват по груди: 45 см (XS/S), 47 см (M/L), 56 см (XL/XXL), 60 см (3XL/4XL)
Длина изделия: 27 см (XS/S), 32 см (M/L), 35 см (XL/XXL), 36 см (3XL/4XL)
Ширина бретели: 3 см (XS/S), 3,5 см (M/L), 4 см (XL/XXL), 4 см (3XL/4XL)
Обхват проймы: 36 см (XS/S), 44 см (M/L), 46 см (XL/XXL), 47 см (3XL/4XL)
Ширина резинки: 4 см (XS/S), 4 см (M/L), 4 см (XL/XXL), 4 см (3XL/4XL)

Сделано в Италии.




	 Сервис ""belle you в подарок""



	 По вашему запросу мы можем:



упаковать изделия в несколько разных коробок
упаковать изделия в подарочную коробку
убрать бирки с ценой и товарный чек из упаковки
не звонить получателю заранее и сохранить ваш заказ в тайне до момента его вручения


 Подарочная упаковка приобретается отдельно.


	 Просто укажите в комментарии к заказу ваши пожелания и мы их исполним!
	 Не забудьте дополнительно оставить свои контакты в комментарии к заказу.
 
",0
Велосипедки удлиненные в рубчик с широким поясом тыквенный,"
                        3 389 ₽                    ","
Удлиненные велосипедки с высокой посадкой изготовлены из упругой микрофибры в рубчик по современной технологии без боковых швов. Модель дополнена цельновязаным широким поясом и ластовицей, которые обеспечивают надежную посадку по фигуре, максимальный комфорт и удобство при носке. Идеально подходят как для домашних, так и для городских и спортивных образов. Светлые изделия могут просвечивать.

Фабрики, с которыми мы сотрудничаем, соблюдают общепризнанные стандарты охраны труда. При производстве изделий belle you применяются инновационные технологии для экономии природных ресурсов. Мы доставляем заказы исключительно в экологичной упаковке из органических и переработанных материалов.

Обмеры изделия: 
Обхват по талии: 50 см (XS/S), 54 см (M/L), 58 см (XL/XXL), 62 см (3XL/4XL)
Обхват по бедрам: 50 см (XS/S), 54 см (M/L), 58 см (XL/XXL), 62 см (3XL/4XL)
Высота резинки пояса: 5,5 см (XS/S), 5,5 см (M/L), 5,5 см (XL/XXL), 5,5 см (3XL/4XL)
Обхват по низу: 24 см (XS/S), 26 см (M/L), 28 см (XL/XXL), 32 см (3XL/4XL)
Высота сидения: 27 см (XS/S), 29 см (M/L), 31 см (XL/XXL), 32 см (3XL/4XL)
Длина изделия: 49 см (XS/S), 52 см (M/L), 54 см (XL/XXL), 56 см (3XL/4XL)

Сделано в Италии.




	 Сервис ""belle you в подарок""



	 По вашему запросу мы можем:



упаковать изделия в несколько разных коробок
упаковать изделия в подарочную коробку
убрать бирки с ценой и товарный чек из упаковки
не звонить получателю заранее и сохранить ваш заказ в тайне до момента его вручения


 Подарочная упаковка приобретается отдельно.


	 Просто укажите в комментарии к заказу ваши пожелания и мы их исполним!
	 Не забудьте дополнительно оставить свои контакты в комментарии к заказу.
 
",0
Топ на широких бретелях в рубчик belle you x Exantres хурма,"
                        2 989 ₽                    ","
Топ на широких бретелях с округлым вырезом горловины изготовлен из упругой микрофибры в рубчик по современной технологии без боковых швов. Модель дополнена широким цельновязаным поясом по низу изделия для дополнительной поддержки груди. Идеально подходит как для домашних, так и для городских и спортивных образов в качестве повседневного топа, а также как элемент нижнего белья.

Фабрики, с которыми мы сотрудничаем, соблюдают общепризнанные стандарты охраны труда. При производстве изделий belle you применяются инновационные технологии для экономии природных ресурсов. Мы доставляем заказы исключительно в экологичной упаковке из органических и переработанных материалов.

Обмеры изделия:
Обхват по груди: 45 см (XS/S), 47 см (M/L), 56 см (XL/XXL), 60 см (3XL/4XL)
Длина изделия: 27 см (XS/S), 32 см (M/L), 35 см (XL/XXL), 36 см (3XL/4XL)
Ширина бретели: 3 см (XS/S), 3,5 см (M/L), 4 см (XL/XXL), 4 см (3XL/4XL)
Обхват проймы: 36 см (XS/S), 44 см (M/L), 46 см (XL/XXL), 47 см (3XL/4XL)
Ширина резинки: 4 см (XS/S), 4 см (M/L), 4 см (XL/XXL), 4 см (3XL/4XL)

Сделано в Италии.




	 Сервис ""belle you в подарок""



	 По вашему запросу мы можем:



упаковать изделия в несколько разных коробок
упаковать изделия в подарочную коробку
убрать бирки с ценой и товарный чек из упаковки
не звонить получателю заранее и сохранить ваш заказ в тайне до момента его вручения


 Подарочная упаковка приобретается отдельно.


	 Просто укажите в комментарии к заказу ваши пожелания и мы их исполним!
	 Не забудьте дополнительно оставить свои контакты в комментарии к заказу.
 
",0
Легинсы со штрипками рубчик холодный мокко,"
                        4 989 ₽                    ","
Легинсы с высокой посадкой изготовлены из эластичной микрофибры в рубчик по современной технологии без боковых швов. Модель дополнена широким цельновязаным поясом, который обеспечивает надежную посадку по фигуре, и оригинальными штрипками, благодаря которым легинсы не собираются в складки и дарят максимальную свободу движений. Легинсы плотно облегают фигуру и подчеркивают женственный силуэт. Идеально подходят как для домашних, так и для городских и спортивных образов. Светлые изделия могут просвечивать. При выборе размера рекомендуем учитывать ваш рост.

Фабрики, с которыми мы сотрудничаем, соблюдают общепризнанные стандарты охраны труда. При производстве изделий belle you применяются инновационные технологии для экономии природных ресурсов. Мы доставляем заказы исключительно в экологичной упаковке из органических и переработанных материалов.

Обмеры изделия:
Обхват по талии: 46 см (XS/S) 54 см (M/L) 60 см (XL/XXL)
Обхват по бедрам: 50 см (XS/S) 54 см (M/L) 60 см (XL/XXL)
Высота резинки пояса: 5 см (XS/S) 5 см (M/L) 5 см (XL/XXL)
Обхват по низу: 16 см (XS/S) 20 см (M/L) 21 см (XL/XXL)
Длина изделия (без штрипки): 85 см (XS/S) 92 см (M/L) 96 см (XL/XXL)
Высота сидения: 24 см (XS/S) 25 см (M/L) 28 см (XL/XXL)
Длина штрипки: 19 см (XS/S) 19 см (M/L) 19 см (XL/XXL)

Сделано в Италии.




	 Сервис ""belle you в подарок""



	 По вашему запросу мы можем:



упаковать изделия в несколько разных коробок
упаковать изделия в подарочную коробку
убрать бирки с ценой и товарный чек из упаковки
не звонить получателю заранее и сохранить ваш заказ в тайне до момента его вручения


 Подарочная упаковка приобретается отдельно.


	 Просто укажите в комментарии к заказу ваши пожелания и мы их исполним!
	 Не забудьте дополнительно оставить свои контакты в комментарии к заказу.
 
",0
Легинсы со штрипками рубчик черный,"
                        4 989 ₽                    ","
Легинсы с высокой посадкой изготовлены из эластичной микрофибры в рубчик по современной технологии без боковых швов. Модель дополнена широким цельновязаным поясом, который обеспечивает надежную посадку по фигуре, и оригинальными штрипками, благодаря которым легинсы не собираются в складки и дарят максимальную свободу движений. Легинсы плотно облегают фигуру и подчеркивают женственный силуэт. Идеально подходят как для домашних, так и для городских и спортивных образов. Светлые изделия могут просвечивать. При выборе размера рекомендуем учитывать ваш рост.

Фабрики, с которыми мы сотрудничаем, соблюдают общепризнанные стандарты охраны труда. При производстве изделий belle you применяются инновационные технологии для экономии природных ресурсов. Мы доставляем заказы исключительно в экологичной упаковке из органических и переработанных материалов.

Обмеры изделия:
Обхват по талии: 46 см (XS/S) 54 см (M/L) 60 см (XL/XXL)
Обхват по бедрам: 50 см (XS/S) 54 см (M/L) 60 см (XL/XXL)
Высота резинки пояса: 5 см (XS/S) 5 см (M/L) 5 см (XL/XXL)
Обхват по низу: 16 см (XS/S) 20 см (M/L) 21 см (XL/XXL)
Длина изделия (без штрипки): 85 см (XS/S) 92 см (M/L) 96 см (XL/XXL)
Высота сидения: 24 см (XS/S) 25 см (M/L) 28 см (XL/XXL)
Длина штрипки: 19 см (XS/S) 19 см (M/L) 19 см (XL/XXL)

Сделано в Италии.




	 Сервис ""belle you в подарок""



	 По вашему запросу мы можем:



упаковать изделия в несколько разных коробок
упаковать изделия в подарочную коробку
убрать бирки с ценой и товарный чек из упаковки
не звонить получателю заранее и сохранить ваш заказ в тайне до момента его вручения


 Подарочная упаковка приобретается отдельно.


	 Просто укажите в комментарии к заказу ваши пожелания и мы их исполним!
	 Не забудьте дополнительно оставить свои контакты в комментарии к заказу.
 
",0
Легинсы со штрипками рубчик пломбир,"
                        4 989 ₽                    ","
Легинсы с высокой посадкой изготовлены из эластичной микрофибры в рубчик по современной технологии без боковых швов. Модель дополнена широким цельновязаным поясом, который обеспечивает надежную посадку по фигуре, и оригинальными штрипками, благодаря которым легинсы не собираются в складки и дарят максимальную свободу движений. Легинсы плотно облегают фигуру и подчеркивают женственный силуэт. Идеально подходят как для домашних, так и для городских и спортивных образов. Светлые изделия могут просвечивать. При выборе размера рекомендуем учитывать ваш рост.

Фабрики, с которыми мы сотрудничаем, соблюдают общепризнанные стандарты охраны труда. При производстве изделий belle you применяются инновационные технологии для экономии природных ресурсов. Мы доставляем заказы исключительно в экологичной упаковке из органических и переработанных материалов.

Обмеры изделия:
Обхват по талии: 46 см (XS/S) 54 см (M/L) 60 см (XL/XXL)
Обхват по бедрам: 50 см (XS/S) 54 см (M/L) 60 см (XL/XXL)
Высота резинки пояса: 5 см (XS/S) 5 см (M/L) 5 см (XL/XXL)
Обхват по низу: 16 см (XS/S) 20 см (M/L) 21 см (XL/XXL)
Длина изделия (без штрипки): 85 см (XS/S) 92 см (M/L) 96 см (XL/XXL)
Высота сидения: 24 см (XS/S) 25 см (M/L) 28 см (XL/XXL)
Длина штрипки: 19 см (XS/S) 19 см (M/L) 19 см (XL/XXL)

Сделано в Италии.




	 Сервис ""belle you в подарок""



	 По вашему запросу мы можем:



упаковать изделия в несколько разных коробок
упаковать изделия в подарочную коробку
убрать бирки с ценой и товарный чек из упаковки
не звонить получателю заранее и сохранить ваш заказ в тайне до момента его вручения


 Подарочная упаковка приобретается отдельно.


	 Просто укажите в комментарии к заказу ваши пожелания и мы их исполним!
	 Не забудьте дополнительно оставить свои контакты в комментарии к заказу.
 
",0
Легинсы со средней посадкой в рубчик belle you x Exantres темно-терракотовый,"
                        4 989 ₽                    ","
Легинсы со средней посадкой изготовлены из эластичной микрофибры в рубчик по современной технологии без боковых швов. Модель дополнена цельновязаным поясом и ластовицей, которые обеспечивают надежную посадку по фигуре, комфорт и удобство при носке и максимальную свободу движений. Идеально подходят как для домашних, так и для городских и спортивных образов. Светлые изделия могут просвечивать.

Фабрики, с которыми мы сотрудничаем, соблюдают общепризнанные стандарты охраны труда. При производстве изделий belle you применяются инновационные технологии для экономии природных ресурсов. Мы доставляем заказы исключительно в экологичной упаковке из органических и переработанных материалов.

Обмеры изделия: 
Обхват по талии: 46 см (XS/S), 52 см (M/L), 56 см (XL/XXL), 60 см (3XL/4XL)
Обхват по бедрам: 46 см (XS/S), 52 см (M/L), 54 см (XL/XXL), 60 см (3XL/4XL)
Высота резинки пояса: 5 см (XS/S), 5 см (M/L), 5 см (XL/XXL), 5 см (3XL/4XL)
Обхват по низу: 16 см (XS/S), 18 см (M/L), 20 см (XL/XXL), 22 см (3XL/4XL)
Длина изделия: 80 см (XS/S), 87 см (M/L), 90 см (XL/XXL), 94 см (3XL/4XL)
Высота сидения: 25 см (XS/S), 26,5 см (M/L), 27 см (XL/XXL), 28 см (3XL/4XL)

Сделано в Италии.




	 Сервис ""belle you в подарок""



	 По вашему запросу мы можем:



упаковать изделия в несколько разных коробок
упаковать изделия в подарочную коробку
убрать бирки с ценой и товарный чек из упаковки
не звонить получателю заранее и сохранить ваш заказ в тайне до момента его вручения


 Подарочная упаковка приобретается отдельно.


	 Просто укажите в комментарии к заказу ваши пожелания и мы их исполним!
	 Не забудьте дополнительно оставить свои контакты в комментарии к заказу.
 
",0
Топ на широких бретелях в рубчик belle you x Exantres темно-терракотовый,"
                        2 989 ₽                    ","
Топ на широких бретелях с округлым вырезом горловины изготовлен из упругой микрофибры в рубчик по современной технологии без боковых швов. Модель дополнена широким цельновязаным поясом по низу изделия для дополнительной поддержки груди. Идеально подходит как для домашних, так и для городских и спортивных образов в качестве повседневного топа, а также как элемент нижнего белья.

Фабрики, с которыми мы сотрудничаем, соблюдают общепризнанные стандарты охраны труда. При производстве изделий belle you применяются инновационные технологии для экономии природных ресурсов. Мы доставляем заказы исключительно в экологичной упаковке из органических и переработанных материалов.

Обмеры изделия:
Обхват по груди: 45 см (XS/S), 47 см (M/L), 56 см (XL/XXL), 60 см (3XL/4XL)
Длина изделия: 27 см (XS/S), 32 см (M/L), 35 см (XL/XXL), 36 см (3XL/4XL)
Ширина бретели: 3 см (XS/S), 3,5 см (M/L), 4 см (XL/XXL), 4 см (3XL/4XL)
Обхват проймы: 36 см (XS/S), 44 см (M/L), 46 см (XL/XXL), 47 см (3XL/4XL)
Ширина резинки: 4 см (XS/S), 4 см (M/L), 4 см (XL/XXL), 4 см (3XL/4XL)

Сделано в Италии.




	 Сервис ""belle you в подарок""



	 По вашему запросу мы можем:



упаковать изделия в несколько разных коробок
упаковать изделия в подарочную коробку
убрать бирки с ценой и товарный чек из упаковки
не звонить получателю заранее и сохранить ваш заказ в тайне до момента его вручения


 Подарочная упаковка приобретается отдельно.


	 Просто укажите в комментарии к заказу ваши пожелания и мы их исполним!
	 Не забудьте дополнительно оставить свои контакты в комментарии к заказу.
 
",0
Легинсы со средней посадкой в рубчик belle you x Exantres хурма,"
                        4 989 ₽                    ","
Легинсы со средней посадкой изготовлены из эластичной микрофибры в рубчик по современной технологии без боковых швов. Модель дополнена цельновязаным поясом и ластовицей, которые обеспечивают надежную посадку по фигуре, комфорт и удобство при носке и максимальную свободу движений. Идеально подходят как для домашних, так и для городских и спортивных образов. Светлые изделия могут просвечивать.

Фабрики, с которыми мы сотрудничаем, соблюдают общепризнанные стандарты охраны труда. При производстве изделий belle you применяются инновационные технологии для экономии природных ресурсов. Мы доставляем заказы исключительно в экологичной упаковке из органических и переработанных материалов.

Обмеры изделия: 
Обхват по талии: 46 см (XS/S), 52 см (M/L), 56 см (XL/XXL), 60 см (3XL/4XL)
Обхват по бедрам: 46 см (XS/S), 52 см (M/L), 54 см (XL/XXL), 60 см (3XL/4XL)
Высота резинки пояса: 5 см (XS/S), 5 см (M/L), 5 см (XL/XXL), 5 см (3XL/4XL)
Обхват по низу: 16 см (XS/S), 18 см (M/L), 20 см (XL/XXL), 22 см (3XL/4XL)
Длина изделия: 80 см (XS/S), 87 см (M/L), 90 см (XL/XXL), 94 см (3XL/4XL)
Высота сидения: 25 см (XS/S), 26,5 см (M/L), 27 см (XL/XXL), 28 см (3XL/4XL)

Сделано в Италии.




	 Сервис ""belle you в подарок""



	 По вашему запросу мы можем:



упаковать изделия в несколько разных коробок
упаковать изделия в подарочную коробку
убрать бирки с ценой и товарный чек из упаковки
не звонить получателю заранее и сохранить ваш заказ в тайне до момента его вручения


 Подарочная упаковка приобретается отдельно.


	 Просто укажите в комментарии к заказу ваши пожелания и мы их исполним!
	 Не забудьте дополнительно оставить свои контакты в комментарии к заказу.
 
",0
